{
  "types" : [
    {
      "fields" : [
        {
          "args" : [

          ],
          "name" : "campus",
          "type" : {
            "kind" : "SCALAR",
            "name" : "String"
          },
          "isDeprecated" : false
        },
        {
          "args" : [

          ],
          "name" : "county",
          "type" : {
            "kind" : "SCALAR",
            "name" : "String"
          },
          "isDeprecated" : false
        },
        {
          "isDeprecated" : false,
          "args" : [
            {
              "name" : "distinct_on",
              "type" : {
                "kind" : "LIST",
                "ofType" : {
                  "kind" : "NON_NULL",
                  "ofType" : {
                    "kind" : "ENUM",
                    "name" : "csu_fees_select_column"
                  }
                }
              },
              "description" : "distinct select on columns"
            },
            {
              "name" : "limit",
              "type" : {
                "kind" : "SCALAR",
                "name" : "Int"
              },
              "description" : "limit the number of rows returned"
            },
            {
              "name" : "offset",
              "type" : {
                "kind" : "SCALAR",
                "name" : "Int"
              },
              "description" : "skip the first n rows. Use only with order_by"
            },
            {
              "name" : "order_by",
              "type" : {
                "kind" : "LIST",
                "ofType" : {
                  "kind" : "NON_NULL",
                  "ofType" : {
                    "kind" : "INPUT_OBJECT",
                    "name" : "csu_fees_order_by"
                  }
                }
              },
              "description" : "sort the rows by one or more columns"
            },
            {
              "name" : "where",
              "type" : {
                "kind" : "INPUT_OBJECT",
                "name" : "csu_fees_bool_exp"
              },
              "description" : "filter the rows returned"
            }
          ],
          "name" : "csu_fees",
          "description" : "An array relationship",
          "type" : {
            "kind" : "NON_NULL",
            "ofType" : {
              "kind" : "LIST",
              "ofType" : {
                "kind" : "NON_NULL",
                "ofType" : {
                  "kind" : "OBJECT",
                  "name" : "csu_fees"
                }
              }
            }
          }
        },
        {
          "isDeprecated" : false,
          "args" : [
            {
              "name" : "distinct_on",
              "type" : {
                "kind" : "LIST",
                "ofType" : {
                  "kind" : "NON_NULL",
                  "ofType" : {
                    "kind" : "ENUM",
                    "name" : "csu_fees_select_column"
                  }
                }
              },
              "description" : "distinct select on columns"
            },
            {
              "name" : "limit",
              "type" : {
                "kind" : "SCALAR",
                "name" : "Int"
              },
              "description" : "limit the number of rows returned"
            },
            {
              "name" : "offset",
              "type" : {
                "kind" : "SCALAR",
                "name" : "Int"
              },
              "description" : "skip the first n rows. Use only with order_by"
            },
            {
              "name" : "order_by",
              "type" : {
                "kind" : "LIST",
                "ofType" : {
                  "kind" : "NON_NULL",
                  "ofType" : {
                    "kind" : "INPUT_OBJECT",
                    "name" : "csu_fees_order_by"
                  }
                }
              },
              "description" : "sort the rows by one or more columns"
            },
            {
              "name" : "where",
              "type" : {
                "kind" : "INPUT_OBJECT",
                "name" : "csu_fees_bool_exp"
              },
              "description" : "filter the rows returned"
            }
          ],
          "name" : "csu_fees_aggregate",
          "description" : "An aggregated array relationship",
          "type" : {
            "kind" : "NON_NULL",
            "ofType" : {
              "kind" : "OBJECT",
              "name" : "csu_fees_aggregate"
            }
          }
        },
        {
          "isDeprecated" : false,
          "args" : [
            {
              "name" : "distinct_on",
              "type" : {
                "kind" : "LIST",
                "ofType" : {
                  "kind" : "NON_NULL",
                  "ofType" : {
                    "kind" : "ENUM",
                    "name" : "degrees_select_column"
                  }
                }
              },
              "description" : "distinct select on columns"
            },
            {
              "name" : "limit",
              "type" : {
                "kind" : "SCALAR",
                "name" : "Int"
              },
              "description" : "limit the number of rows returned"
            },
            {
              "name" : "offset",
              "type" : {
                "kind" : "SCALAR",
                "name" : "Int"
              },
              "description" : "skip the first n rows. Use only with order_by"
            },
            {
              "name" : "order_by",
              "type" : {
                "kind" : "LIST",
                "ofType" : {
                  "kind" : "NON_NULL",
                  "ofType" : {
                    "kind" : "INPUT_OBJECT",
                    "name" : "degrees_order_by"
                  }
                }
              },
              "description" : "sort the rows by one or more columns"
            },
            {
              "name" : "where",
              "type" : {
                "kind" : "INPUT_OBJECT",
                "name" : "degrees_bool_exp"
              },
              "description" : "filter the rows returned"
            }
          ],
          "name" : "degrees",
          "description" : "An array relationship",
          "type" : {
            "kind" : "NON_NULL",
            "ofType" : {
              "kind" : "LIST",
              "ofType" : {
                "kind" : "NON_NULL",
                "ofType" : {
                  "kind" : "OBJECT",
                  "name" : "degrees"
                }
              }
            }
          }
        },
        {
          "isDeprecated" : false,
          "args" : [
            {
              "name" : "distinct_on",
              "type" : {
                "kind" : "LIST",
                "ofType" : {
                  "kind" : "NON_NULL",
                  "ofType" : {
                    "kind" : "ENUM",
                    "name" : "degrees_select_column"
                  }
                }
              },
              "description" : "distinct select on columns"
            },
            {
              "name" : "limit",
              "type" : {
                "kind" : "SCALAR",
                "name" : "Int"
              },
              "description" : "limit the number of rows returned"
            },
            {
              "name" : "offset",
              "type" : {
                "kind" : "SCALAR",
                "name" : "Int"
              },
              "description" : "skip the first n rows. Use only with order_by"
            },
            {
              "name" : "order_by",
              "type" : {
                "kind" : "LIST",
                "ofType" : {
                  "kind" : "NON_NULL",
                  "ofType" : {
                    "kind" : "INPUT_OBJECT",
                    "name" : "degrees_order_by"
                  }
                }
              },
              "description" : "sort the rows by one or more columns"
            },
            {
              "name" : "where",
              "type" : {
                "kind" : "INPUT_OBJECT",
                "name" : "degrees_bool_exp"
              },
              "description" : "filter the rows returned"
            }
          ],
          "name" : "degrees_aggregate",
          "description" : "An aggregated array relationship",
          "type" : {
            "kind" : "NON_NULL",
            "ofType" : {
              "kind" : "OBJECT",
              "name" : "degrees_aggregate"
            }
          }
        },
        {
          "isDeprecated" : false,
          "args" : [
            {
              "name" : "distinct_on",
              "type" : {
                "kind" : "LIST",
                "ofType" : {
                  "kind" : "NON_NULL",
                  "ofType" : {
                    "kind" : "ENUM",
                    "name" : "discipline_enrollments_select_column"
                  }
                }
              },
              "description" : "distinct select on columns"
            },
            {
              "name" : "limit",
              "type" : {
                "kind" : "SCALAR",
                "name" : "Int"
              },
              "description" : "limit the number of rows returned"
            },
            {
              "name" : "offset",
              "type" : {
                "kind" : "SCALAR",
                "name" : "Int"
              },
              "description" : "skip the first n rows. Use only with order_by"
            },
            {
              "name" : "order_by",
              "type" : {
                "kind" : "LIST",
                "ofType" : {
                  "kind" : "NON_NULL",
                  "ofType" : {
                    "kind" : "INPUT_OBJECT",
                    "name" : "discipline_enrollments_order_by"
                  }
                }
              },
              "description" : "sort the rows by one or more columns"
            },
            {
              "name" : "where",
              "type" : {
                "kind" : "INPUT_OBJECT",
                "name" : "discipline_enrollments_bool_exp"
              },
              "description" : "filter the rows returned"
            }
          ],
          "name" : "discipline_enrollments",
          "description" : "An array relationship",
          "type" : {
            "kind" : "NON_NULL",
            "ofType" : {
              "kind" : "LIST",
              "ofType" : {
                "kind" : "NON_NULL",
                "ofType" : {
                  "kind" : "OBJECT",
                  "name" : "discipline_enrollments"
                }
              }
            }
          }
        },
        {
          "isDeprecated" : false,
          "args" : [
            {
              "name" : "distinct_on",
              "type" : {
                "kind" : "LIST",
                "ofType" : {
                  "kind" : "NON_NULL",
                  "ofType" : {
                    "kind" : "ENUM",
                    "name" : "discipline_enrollments_select_column"
                  }
                }
              },
              "description" : "distinct select on columns"
            },
            {
              "name" : "limit",
              "type" : {
                "kind" : "SCALAR",
                "name" : "Int"
              },
              "description" : "limit the number of rows returned"
            },
            {
              "name" : "offset",
              "type" : {
                "kind" : "SCALAR",
                "name" : "Int"
              },
              "description" : "skip the first n rows. Use only with order_by"
            },
            {
              "name" : "order_by",
              "type" : {
                "kind" : "LIST",
                "ofType" : {
                  "kind" : "NON_NULL",
                  "ofType" : {
                    "kind" : "INPUT_OBJECT",
                    "name" : "discipline_enrollments_order_by"
                  }
                }
              },
              "description" : "sort the rows by one or more columns"
            },
            {
              "name" : "where",
              "type" : {
                "kind" : "INPUT_OBJECT",
                "name" : "discipline_enrollments_bool_exp"
              },
              "description" : "filter the rows returned"
            }
          ],
          "name" : "discipline_enrollments_aggregate",
          "description" : "An aggregated array relationship",
          "type" : {
            "kind" : "NON_NULL",
            "ofType" : {
              "kind" : "OBJECT",
              "name" : "discipline_enrollments_aggregate"
            }
          }
        },
        {
          "isDeprecated" : false,
          "args" : [
            {
              "name" : "distinct_on",
              "type" : {
                "kind" : "LIST",
                "ofType" : {
                  "kind" : "NON_NULL",
                  "ofType" : {
                    "kind" : "ENUM",
                    "name" : "enrollments_select_column"
                  }
                }
              },
              "description" : "distinct select on columns"
            },
            {
              "name" : "limit",
              "type" : {
                "kind" : "SCALAR",
                "name" : "Int"
              },
              "description" : "limit the number of rows returned"
            },
            {
              "name" : "offset",
              "type" : {
                "kind" : "SCALAR",
                "name" : "Int"
              },
              "description" : "skip the first n rows. Use only with order_by"
            },
            {
              "name" : "order_by",
              "type" : {
                "kind" : "LIST",
                "ofType" : {
                  "kind" : "NON_NULL",
                  "ofType" : {
                    "kind" : "INPUT_OBJECT",
                    "name" : "enrollments_order_by"
                  }
                }
              },
              "description" : "sort the rows by one or more columns"
            },
            {
              "name" : "where",
              "type" : {
                "kind" : "INPUT_OBJECT",
                "name" : "enrollments_bool_exp"
              },
              "description" : "filter the rows returned"
            }
          ],
          "name" : "enrollments",
          "description" : "An array relationship",
          "type" : {
            "kind" : "NON_NULL",
            "ofType" : {
              "kind" : "LIST",
              "ofType" : {
                "kind" : "NON_NULL",
                "ofType" : {
                  "kind" : "OBJECT",
                  "name" : "enrollments"
                }
              }
            }
          }
        },
        {
          "isDeprecated" : false,
          "args" : [
            {
              "name" : "distinct_on",
              "type" : {
                "kind" : "LIST",
                "ofType" : {
                  "kind" : "NON_NULL",
                  "ofType" : {
                    "kind" : "ENUM",
                    "name" : "enrollments_select_column"
                  }
                }
              },
              "description" : "distinct select on columns"
            },
            {
              "name" : "limit",
              "type" : {
                "kind" : "SCALAR",
                "name" : "Int"
              },
              "description" : "limit the number of rows returned"
            },
            {
              "name" : "offset",
              "type" : {
                "kind" : "SCALAR",
                "name" : "Int"
              },
              "description" : "skip the first n rows. Use only with order_by"
            },
            {
              "name" : "order_by",
              "type" : {
                "kind" : "LIST",
                "ofType" : {
                  "kind" : "NON_NULL",
                  "ofType" : {
                    "kind" : "INPUT_OBJECT",
                    "name" : "enrollments_order_by"
                  }
                }
              },
              "description" : "sort the rows by one or more columns"
            },
            {
              "name" : "where",
              "type" : {
                "kind" : "INPUT_OBJECT",
                "name" : "enrollments_bool_exp"
              },
              "description" : "filter the rows returned"
            }
          ],
          "name" : "enrollments_aggregate",
          "description" : "An aggregated array relationship",
          "type" : {
            "kind" : "NON_NULL",
            "ofType" : {
              "kind" : "OBJECT",
              "name" : "enrollments_aggregate"
            }
          }
        },
        {
          "isDeprecated" : false,
          "args" : [
            {
              "name" : "distinct_on",
              "type" : {
                "kind" : "LIST",
                "ofType" : {
                  "kind" : "NON_NULL",
                  "ofType" : {
                    "kind" : "ENUM",
                    "name" : "faculty_select_column"
                  }
                }
              },
              "description" : "distinct select on columns"
            },
            {
              "name" : "limit",
              "type" : {
                "kind" : "SCALAR",
                "name" : "Int"
              },
              "description" : "limit the number of rows returned"
            },
            {
              "name" : "offset",
              "type" : {
                "kind" : "SCALAR",
                "name" : "Int"
              },
              "description" : "skip the first n rows. Use only with order_by"
            },
            {
              "name" : "order_by",
              "type" : {
                "kind" : "LIST",
                "ofType" : {
                  "kind" : "NON_NULL",
                  "ofType" : {
                    "kind" : "INPUT_OBJECT",
                    "name" : "faculty_order_by"
                  }
                }
              },
              "description" : "sort the rows by one or more columns"
            },
            {
              "name" : "where",
              "type" : {
                "kind" : "INPUT_OBJECT",
                "name" : "faculty_bool_exp"
              },
              "description" : "filter the rows returned"
            }
          ],
          "name" : "faculties",
          "description" : "An array relationship",
          "type" : {
            "kind" : "NON_NULL",
            "ofType" : {
              "kind" : "LIST",
              "ofType" : {
                "kind" : "NON_NULL",
                "ofType" : {
                  "kind" : "OBJECT",
                  "name" : "faculty"
                }
              }
            }
          }
        },
        {
          "isDeprecated" : false,
          "args" : [
            {
              "name" : "distinct_on",
              "type" : {
                "kind" : "LIST",
                "ofType" : {
                  "kind" : "NON_NULL",
                  "ofType" : {
                    "kind" : "ENUM",
                    "name" : "faculty_select_column"
                  }
                }
              },
              "description" : "distinct select on columns"
            },
            {
              "name" : "limit",
              "type" : {
                "kind" : "SCALAR",
                "name" : "Int"
              },
              "description" : "limit the number of rows returned"
            },
            {
              "name" : "offset",
              "type" : {
                "kind" : "SCALAR",
                "name" : "Int"
              },
              "description" : "skip the first n rows. Use only with order_by"
            },
            {
              "name" : "order_by",
              "type" : {
                "kind" : "LIST",
                "ofType" : {
                  "kind" : "NON_NULL",
                  "ofType" : {
                    "kind" : "INPUT_OBJECT",
                    "name" : "faculty_order_by"
                  }
                }
              },
              "description" : "sort the rows by one or more columns"
            },
            {
              "name" : "where",
              "type" : {
                "kind" : "INPUT_OBJECT",
                "name" : "faculty_bool_exp"
              },
              "description" : "filter the rows returned"
            }
          ],
          "name" : "faculties_aggregate",
          "description" : "An aggregated array relationship",
          "type" : {
            "kind" : "NON_NULL",
            "ofType" : {
              "kind" : "OBJECT",
              "name" : "faculty_aggregate"
            }
          }
        },
        {
          "args" : [

          ],
          "name" : "id",
          "type" : {
            "kind" : "NON_NULL",
            "ofType" : {
              "kind" : "SCALAR",
              "name" : "bigint"
            }
          },
          "isDeprecated" : false
        },
        {
          "args" : [

          ],
          "name" : "location",
          "type" : {
            "kind" : "SCALAR",
            "name" : "String"
          },
          "isDeprecated" : false
        },
        {
          "args" : [

          ],
          "name" : "year",
          "type" : {
            "kind" : "SCALAR",
            "name" : "bigint"
          },
          "isDeprecated" : false
        }
      ],
      "kind" : "OBJECT",
      "name" : "campuses",
      "description" : "columns and relationships of \"campuses\""
    },
    {
      "fields" : [
        {
          "args" : [

          ],
          "name" : "aggregate",
          "type" : {
            "kind" : "OBJECT",
            "name" : "campuses_aggregate_fields"
          },
          "isDeprecated" : false
        },
        {
          "args" : [

          ],
          "name" : "nodes",
          "type" : {
            "kind" : "NON_NULL",
            "ofType" : {
              "kind" : "LIST",
              "ofType" : {
                "kind" : "NON_NULL",
                "ofType" : {
                  "kind" : "OBJECT",
                  "name" : "campuses"
                }
              }
            }
          },
          "isDeprecated" : false
        }
      ],
      "kind" : "OBJECT",
      "name" : "campuses_aggregate",
      "description" : "aggregated selection of \"campuses\""
    },
    {
      "fields" : [
        {
          "args" : [

          ],
          "name" : "campus",
          "type" : {
            "kind" : "NON_NULL",
            "ofType" : {
              "kind" : "SCALAR",
              "name" : "bigint"
            }
          },
          "isDeprecated" : false
        },
        {
          "isDeprecated" : false,
          "args" : [

          ],
          "name" : "campusByCampus",
          "description" : "An object relationship",
          "type" : {
            "kind" : "NON_NULL",
            "ofType" : {
              "kind" : "OBJECT",
              "name" : "campuses"
            }
          }
        },
        {
          "args" : [

          ],
          "name" : "campusfee",
          "type" : {
            "kind" : "SCALAR",
            "name" : "bigint"
          },
          "isDeprecated" : false
        },
        {
          "args" : [

          ],
          "name" : "year",
          "type" : {
            "kind" : "SCALAR",
            "name" : "bigint"
          },
          "isDeprecated" : false
        }
      ],
      "kind" : "OBJECT",
      "name" : "csu_fees",
      "description" : "columns and relationships of \"csu_fees\""
    },
    {
      "fields" : [
        {
          "args" : [

          ],
          "name" : "aggregate",
          "type" : {
            "kind" : "OBJECT",
            "name" : "csu_fees_aggregate_fields"
          },
          "isDeprecated" : false
        },
        {
          "args" : [

          ],
          "name" : "nodes",
          "type" : {
            "kind" : "NON_NULL",
            "ofType" : {
              "kind" : "LIST",
              "ofType" : {
                "kind" : "NON_NULL",
                "ofType" : {
                  "kind" : "OBJECT",
                  "name" : "csu_fees"
                }
              }
            }
          },
          "isDeprecated" : false
        }
      ],
      "kind" : "OBJECT",
      "name" : "csu_fees_aggregate",
      "description" : "aggregated selection of \"csu_fees\""
    },
    {
      "fields" : [
        {
          "args" : [

          ],
          "name" : "campus",
          "type" : {
            "kind" : "NON_NULL",
            "ofType" : {
              "kind" : "SCALAR",
              "name" : "bigint"
            }
          },
          "isDeprecated" : false
        },
        {
          "isDeprecated" : false,
          "args" : [

          ],
          "name" : "campusByCampus",
          "description" : "An object relationship",
          "type" : {
            "kind" : "NON_NULL",
            "ofType" : {
              "kind" : "OBJECT",
              "name" : "campuses"
            }
          }
        },
        {
          "args" : [

          ],
          "name" : "degrees",
          "type" : {
            "kind" : "SCALAR",
            "name" : "bigint"
          },
          "isDeprecated" : false
        },
        {
          "args" : [

          ],
          "name" : "year",
          "type" : {
            "kind" : "NON_NULL",
            "ofType" : {
              "kind" : "SCALAR",
              "name" : "bigint"
            }
          },
          "isDeprecated" : false
        }
      ],
      "kind" : "OBJECT",
      "name" : "degrees",
      "description" : "columns and relationships of \"degrees\""
    },
    {
      "fields" : [
        {
          "args" : [

          ],
          "name" : "aggregate",
          "type" : {
            "kind" : "OBJECT",
            "name" : "degrees_aggregate_fields"
          },
          "isDeprecated" : false
        },
        {
          "args" : [

          ],
          "name" : "nodes",
          "type" : {
            "kind" : "NON_NULL",
            "ofType" : {
              "kind" : "LIST",
              "ofType" : {
                "kind" : "NON_NULL",
                "ofType" : {
                  "kind" : "OBJECT",
                  "name" : "degrees"
                }
              }
            }
          },
          "isDeprecated" : false
        }
      ],
      "kind" : "OBJECT",
      "name" : "degrees_aggregate",
      "description" : "aggregated selection of \"degrees\""
    },
    {
      "fields" : [
        {
          "args" : [

          ],
          "name" : "campus",
          "type" : {
            "kind" : "NON_NULL",
            "ofType" : {
              "kind" : "SCALAR",
              "name" : "bigint"
            }
          },
          "isDeprecated" : false
        },
        {
          "isDeprecated" : false,
          "args" : [

          ],
          "name" : "campusByCampus",
          "description" : "An object relationship",
          "type" : {
            "kind" : "NON_NULL",
            "ofType" : {
              "kind" : "OBJECT",
              "name" : "campuses"
            }
          }
        },
        {
          "args" : [

          ],
          "name" : "discipline",
          "type" : {
            "kind" : "NON_NULL",
            "ofType" : {
              "kind" : "SCALAR",
              "name" : "bigint"
            }
          },
          "isDeprecated" : false
        },
        {
          "args" : [

          ],
          "name" : "graduate",
          "type" : {
            "kind" : "SCALAR",
            "name" : "bigint"
          },
          "isDeprecated" : false
        },
        {
          "args" : [

          ],
          "name" : "undergraduate",
          "type" : {
            "kind" : "SCALAR",
            "name" : "bigint"
          },
          "isDeprecated" : false
        },
        {
          "args" : [

          ],
          "name" : "year",
          "type" : {
            "kind" : "SCALAR",
            "name" : "bigint"
          },
          "isDeprecated" : false
        }
      ],
      "kind" : "OBJECT",
      "name" : "discipline_enrollments",
      "description" : "columns and relationships of \"discipline_enrollments\""
    },
    {
      "fields" : [
        {
          "args" : [

          ],
          "name" : "aggregate",
          "type" : {
            "kind" : "OBJECT",
            "name" : "discipline_enrollments_aggregate_fields"
          },
          "isDeprecated" : false
        },
        {
          "args" : [

          ],
          "name" : "nodes",
          "type" : {
            "kind" : "NON_NULL",
            "ofType" : {
              "kind" : "LIST",
              "ofType" : {
                "kind" : "NON_NULL",
                "ofType" : {
                  "kind" : "OBJECT",
                  "name" : "discipline_enrollments"
                }
              }
            }
          },
          "isDeprecated" : false
        }
      ],
      "kind" : "OBJECT",
      "name" : "discipline_enrollments_aggregate",
      "description" : "aggregated selection of \"discipline_enrollments\""
    },
    {
      "fields" : [
        {
          "args" : [

          ],
          "name" : "campus",
          "type" : {
            "kind" : "NON_NULL",
            "ofType" : {
              "kind" : "SCALAR",
              "name" : "bigint"
            }
          },
          "isDeprecated" : false
        },
        {
          "isDeprecated" : false,
          "args" : [

          ],
          "name" : "campusByCampus",
          "description" : "An object relationship",
          "type" : {
            "kind" : "NON_NULL",
            "ofType" : {
              "kind" : "OBJECT",
              "name" : "campuses"
            }
          }
        },
        {
          "args" : [

          ],
          "name" : "fte_ay",
          "type" : {
            "kind" : "SCALAR",
            "name" : "bigint"
          },
          "isDeprecated" : false
        },
        {
          "args" : [

          ],
          "name" : "totalenrollment_ay",
          "type" : {
            "kind" : "SCALAR",
            "name" : "bigint"
          },
          "isDeprecated" : false
        },
        {
          "args" : [

          ],
          "name" : "year",
          "type" : {
            "kind" : "NON_NULL",
            "ofType" : {
              "kind" : "SCALAR",
              "name" : "bigint"
            }
          },
          "isDeprecated" : false
        }
      ],
      "kind" : "OBJECT",
      "name" : "enrollments",
      "description" : "columns and relationships of \"enrollments\""
    },
    {
      "fields" : [
        {
          "args" : [

          ],
          "name" : "aggregate",
          "type" : {
            "kind" : "OBJECT",
            "name" : "enrollments_aggregate_fields"
          },
          "isDeprecated" : false
        },
        {
          "args" : [

          ],
          "name" : "nodes",
          "type" : {
            "kind" : "NON_NULL",
            "ofType" : {
              "kind" : "LIST",
              "ofType" : {
                "kind" : "NON_NULL",
                "ofType" : {
                  "kind" : "OBJECT",
                  "name" : "enrollments"
                }
              }
            }
          },
          "isDeprecated" : false
        }
      ],
      "kind" : "OBJECT",
      "name" : "enrollments_aggregate",
      "description" : "aggregated selection of \"enrollments\""
    },
    {
      "fields" : [
        {
          "args" : [

          ],
          "name" : "campus",
          "type" : {
            "kind" : "SCALAR",
            "name" : "bigint"
          },
          "isDeprecated" : false
        },
        {
          "isDeprecated" : false,
          "args" : [

          ],
          "name" : "campusByCampus",
          "description" : "An object relationship",
          "type" : {
            "kind" : "OBJECT",
            "name" : "campuses"
          }
        },
        {
          "args" : [

          ],
          "name" : "faculty",
          "type" : {
            "kind" : "SCALAR",
            "name" : "Float"
          },
          "isDeprecated" : false
        },
        {
          "args" : [

          ],
          "name" : "year",
          "type" : {
            "kind" : "SCALAR",
            "name" : "bigint"
          },
          "isDeprecated" : false
        }
      ],
      "kind" : "OBJECT",
      "name" : "faculty",
      "description" : "columns and relationships of \"faculty\""
    },
    {
      "fields" : [
        {
          "args" : [

          ],
          "name" : "aggregate",
          "type" : {
            "kind" : "OBJECT",
            "name" : "faculty_aggregate_fields"
          },
          "isDeprecated" : false
        },
        {
          "args" : [

          ],
          "name" : "nodes",
          "type" : {
            "kind" : "NON_NULL",
            "ofType" : {
              "kind" : "LIST",
              "ofType" : {
                "kind" : "NON_NULL",
                "ofType" : {
                  "kind" : "OBJECT",
                  "name" : "faculty"
                }
              }
            }
          },
          "isDeprecated" : false
        }
      ],
      "kind" : "OBJECT",
      "name" : "faculty_aggregate",
      "description" : "aggregated selection of \"faculty\""
    }
  ],
  "arguments" : [
    {
      "name" : "distinct_on",
      "type" : {
        "kind" : "LIST",
        "ofType" : {
          "kind" : "NON_NULL",
          "ofType" : {
            "kind" : "ENUM",
            "name" : "campuses_select_column"
          }
        }
      },
      "description" : "distinct select on columns"
    },
    {
      "name" : "limit",
      "type" : {
        "kind" : "SCALAR",
        "name" : "Int"
      },
      "description" : "limit the number of rows returned"
    },
    {
      "name" : "offset",
      "type" : {
        "kind" : "SCALAR",
        "name" : "Int"
      },
      "description" : "skip the first n rows. Use only with order_by"
    },
    {
      "name" : "order_by",
      "type" : {
        "kind" : "LIST",
        "ofType" : {
          "kind" : "NON_NULL",
          "ofType" : {
            "kind" : "INPUT_OBJECT",
            "name" : "campuses_order_by"
          }
        }
      },
      "description" : "sort the rows by one or more columns"
    },
    {
      "name" : "where",
      "type" : {
        "kind" : "INPUT_OBJECT",
        "name" : "campuses_bool_exp"
      },
      "description" : "filter the rows returned"
    }
  ]
}