{
  "types" : [
    {
      "fields" : [
        {
          "args" : [

          ],
          "name" : "age",
          "type" : {
            "kind" : "SCALAR",
            "name" : "Float"
          },
          "isDeprecated" : false
        },
        {
          "args" : [

          ],
          "name" : "editor_id",
          "type" : {
            "kind" : "SCALAR",
            "name" : "Int"
          },
          "isDeprecated" : false
        },
        {
          "isDeprecated" : false,
          "args" : [
            {
              "name" : "distinct_on",
              "type" : {
                "kind" : "LIST",
                "ofType" : {
                  "kind" : "NON_NULL",
                  "ofType" : {
                    "kind" : "ENUM",
                    "name" : "journal_committee_select_column"
                  }
                }
              },
              "description" : "distinct select on columns"
            },
            {
              "name" : "limit",
              "type" : {
                "kind" : "SCALAR",
                "name" : "Int"
              },
              "description" : "limit the number of rows returned"
            },
            {
              "name" : "offset",
              "type" : {
                "kind" : "SCALAR",
                "name" : "Int"
              },
              "description" : "skip the first n rows. Use only with order_by"
            },
            {
              "name" : "order_by",
              "type" : {
                "kind" : "LIST",
                "ofType" : {
                  "kind" : "NON_NULL",
                  "ofType" : {
                    "kind" : "INPUT_OBJECT",
                    "name" : "journal_committee_order_by"
                  }
                }
              },
              "description" : "sort the rows by one or more columns"
            },
            {
              "name" : "where",
              "type" : {
                "kind" : "INPUT_OBJECT",
                "name" : "journal_committee_bool_exp"
              },
              "description" : "filter the rows returned"
            }
          ],
          "name" : "journal_committees",
          "description" : "An array relationship",
          "type" : {
            "kind" : "NON_NULL",
            "ofType" : {
              "kind" : "LIST",
              "ofType" : {
                "kind" : "NON_NULL",
                "ofType" : {
                  "kind" : "OBJECT",
                  "name" : "journal_committee"
                }
              }
            }
          }
        },
        {
          "isDeprecated" : false,
          "args" : [
            {
              "name" : "distinct_on",
              "type" : {
                "kind" : "LIST",
                "ofType" : {
                  "kind" : "NON_NULL",
                  "ofType" : {
                    "kind" : "ENUM",
                    "name" : "journal_committee_select_column"
                  }
                }
              },
              "description" : "distinct select on columns"
            },
            {
              "name" : "limit",
              "type" : {
                "kind" : "SCALAR",
                "name" : "Int"
              },
              "description" : "limit the number of rows returned"
            },
            {
              "name" : "offset",
              "type" : {
                "kind" : "SCALAR",
                "name" : "Int"
              },
              "description" : "skip the first n rows. Use only with order_by"
            },
            {
              "name" : "order_by",
              "type" : {
                "kind" : "LIST",
                "ofType" : {
                  "kind" : "NON_NULL",
                  "ofType" : {
                    "kind" : "INPUT_OBJECT",
                    "name" : "journal_committee_order_by"
                  }
                }
              },
              "description" : "sort the rows by one or more columns"
            },
            {
              "name" : "where",
              "type" : {
                "kind" : "INPUT_OBJECT",
                "name" : "journal_committee_bool_exp"
              },
              "description" : "filter the rows returned"
            }
          ],
          "name" : "journal_committees_aggregate",
          "description" : "An aggregated array relationship",
          "type" : {
            "kind" : "NON_NULL",
            "ofType" : {
              "kind" : "OBJECT",
              "name" : "journal_committee_aggregate"
            }
          }
        },
        {
          "args" : [

          ],
          "name" : "name",
          "type" : {
            "kind" : "SCALAR",
            "name" : "String"
          },
          "isDeprecated" : false
        }
      ],
      "kind" : "OBJECT",
      "name" : "editor",
      "description" : "columns and relationships of \"editor\""
    },
    {
      "fields" : [
        {
          "args" : [

          ],
          "name" : "aggregate",
          "type" : {
            "kind" : "OBJECT",
            "name" : "editor_aggregate_fields"
          },
          "isDeprecated" : false
        },
        {
          "args" : [

          ],
          "name" : "nodes",
          "type" : {
            "kind" : "NON_NULL",
            "ofType" : {
              "kind" : "LIST",
              "ofType" : {
                "kind" : "NON_NULL",
                "ofType" : {
                  "kind" : "OBJECT",
                  "name" : "editor"
                }
              }
            }
          },
          "isDeprecated" : false
        }
      ],
      "kind" : "OBJECT",
      "name" : "editor_aggregate",
      "description" : "aggregated selection of \"editor\""
    },
    {
      "fields" : [
        {
          "args" : [

          ],
          "name" : "date",
          "type" : {
            "kind" : "SCALAR",
            "name" : "String"
          },
          "isDeprecated" : false
        },
        {
          "isDeprecated" : false,
          "args" : [
            {
              "name" : "distinct_on",
              "type" : {
                "kind" : "LIST",
                "ofType" : {
                  "kind" : "NON_NULL",
                  "ofType" : {
                    "kind" : "ENUM",
                    "name" : "journal_committee_select_column"
                  }
                }
              },
              "description" : "distinct select on columns"
            },
            {
              "name" : "limit",
              "type" : {
                "kind" : "SCALAR",
                "name" : "Int"
              },
              "description" : "limit the number of rows returned"
            },
            {
              "name" : "offset",
              "type" : {
                "kind" : "SCALAR",
                "name" : "Int"
              },
              "description" : "skip the first n rows. Use only with order_by"
            },
            {
              "name" : "order_by",
              "type" : {
                "kind" : "LIST",
                "ofType" : {
                  "kind" : "NON_NULL",
                  "ofType" : {
                    "kind" : "INPUT_OBJECT",
                    "name" : "journal_committee_order_by"
                  }
                }
              },
              "description" : "sort the rows by one or more columns"
            },
            {
              "name" : "where",
              "type" : {
                "kind" : "INPUT_OBJECT",
                "name" : "journal_committee_bool_exp"
              },
              "description" : "filter the rows returned"
            }
          ],
          "name" : "journal_committees",
          "description" : "An array relationship",
          "type" : {
            "kind" : "NON_NULL",
            "ofType" : {
              "kind" : "LIST",
              "ofType" : {
                "kind" : "NON_NULL",
                "ofType" : {
                  "kind" : "OBJECT",
                  "name" : "journal_committee"
                }
              }
            }
          }
        },
        {
          "isDeprecated" : false,
          "args" : [
            {
              "name" : "distinct_on",
              "type" : {
                "kind" : "LIST",
                "ofType" : {
                  "kind" : "NON_NULL",
                  "ofType" : {
                    "kind" : "ENUM",
                    "name" : "journal_committee_select_column"
                  }
                }
              },
              "description" : "distinct select on columns"
            },
            {
              "name" : "limit",
              "type" : {
                "kind" : "SCALAR",
                "name" : "Int"
              },
              "description" : "limit the number of rows returned"
            },
            {
              "name" : "offset",
              "type" : {
                "kind" : "SCALAR",
                "name" : "Int"
              },
              "description" : "skip the first n rows. Use only with order_by"
            },
            {
              "name" : "order_by",
              "type" : {
                "kind" : "LIST",
                "ofType" : {
                  "kind" : "NON_NULL",
                  "ofType" : {
                    "kind" : "INPUT_OBJECT",
                    "name" : "journal_committee_order_by"
                  }
                }
              },
              "description" : "sort the rows by one or more columns"
            },
            {
              "name" : "where",
              "type" : {
                "kind" : "INPUT_OBJECT",
                "name" : "journal_committee_bool_exp"
              },
              "description" : "filter the rows returned"
            }
          ],
          "name" : "journal_committees_aggregate",
          "description" : "An aggregated array relationship",
          "type" : {
            "kind" : "NON_NULL",
            "ofType" : {
              "kind" : "OBJECT",
              "name" : "journal_committee_aggregate"
            }
          }
        },
        {
          "args" : [

          ],
          "name" : "journal_id",
          "type" : {
            "kind" : "SCALAR",
            "name" : "Int"
          },
          "isDeprecated" : false
        },
        {
          "args" : [

          ],
          "name" : "sales",
          "type" : {
            "kind" : "SCALAR",
            "name" : "Int"
          },
          "isDeprecated" : false
        },
        {
          "args" : [

          ],
          "name" : "theme",
          "type" : {
            "kind" : "SCALAR",
            "name" : "String"
          },
          "isDeprecated" : false
        }
      ],
      "kind" : "OBJECT",
      "name" : "journal",
      "description" : "columns and relationships of \"journal\""
    },
    {
      "fields" : [
        {
          "args" : [

          ],
          "name" : "aggregate",
          "type" : {
            "kind" : "OBJECT",
            "name" : "journal_aggregate_fields"
          },
          "isDeprecated" : false
        },
        {
          "args" : [

          ],
          "name" : "nodes",
          "type" : {
            "kind" : "NON_NULL",
            "ofType" : {
              "kind" : "LIST",
              "ofType" : {
                "kind" : "NON_NULL",
                "ofType" : {
                  "kind" : "OBJECT",
                  "name" : "journal"
                }
              }
            }
          },
          "isDeprecated" : false
        }
      ],
      "kind" : "OBJECT",
      "name" : "journal_aggregate",
      "description" : "aggregated selection of \"journal\""
    },
    {
      "fields" : [
        {
          "isDeprecated" : false,
          "args" : [

          ],
          "name" : "editor",
          "description" : "An object relationship",
          "type" : {
            "kind" : "OBJECT",
            "name" : "editor"
          }
        },
        {
          "args" : [

          ],
          "name" : "editor_id",
          "type" : {
            "kind" : "SCALAR",
            "name" : "Int"
          },
          "isDeprecated" : false
        },
        {
          "isDeprecated" : false,
          "args" : [

          ],
          "name" : "journal",
          "description" : "An object relationship",
          "type" : {
            "kind" : "OBJECT",
            "name" : "journal"
          }
        },
        {
          "args" : [

          ],
          "name" : "journal_id",
          "type" : {
            "kind" : "SCALAR",
            "name" : "Int"
          },
          "isDeprecated" : false
        },
        {
          "args" : [

          ],
          "name" : "work_type",
          "type" : {
            "kind" : "SCALAR",
            "name" : "String"
          },
          "isDeprecated" : false
        }
      ],
      "kind" : "OBJECT",
      "name" : "journal_committee",
      "description" : "columns and relationships of \"journal_committee\""
    },
    {
      "fields" : [
        {
          "args" : [

          ],
          "name" : "aggregate",
          "type" : {
            "kind" : "OBJECT",
            "name" : "journal_committee_aggregate_fields"
          },
          "isDeprecated" : false
        },
        {
          "args" : [

          ],
          "name" : "nodes",
          "type" : {
            "kind" : "NON_NULL",
            "ofType" : {
              "kind" : "LIST",
              "ofType" : {
                "kind" : "NON_NULL",
                "ofType" : {
                  "kind" : "OBJECT",
                  "name" : "journal_committee"
                }
              }
            }
          },
          "isDeprecated" : false
        }
      ],
      "kind" : "OBJECT",
      "name" : "journal_committee_aggregate",
      "description" : "aggregated selection of \"journal_committee\""
    }
  ],
  "arguments" : [
    {
      "name" : "distinct_on",
      "type" : {
        "kind" : "LIST",
        "ofType" : {
          "kind" : "NON_NULL",
          "ofType" : {
            "kind" : "ENUM",
            "name" : "editor_select_column"
          }
        }
      },
      "description" : "distinct select on columns"
    },
    {
      "name" : "limit",
      "type" : {
        "kind" : "SCALAR",
        "name" : "Int"
      },
      "description" : "limit the number of rows returned"
    },
    {
      "name" : "offset",
      "type" : {
        "kind" : "SCALAR",
        "name" : "Int"
      },
      "description" : "skip the first n rows. Use only with order_by"
    },
    {
      "name" : "order_by",
      "type" : {
        "kind" : "LIST",
        "ofType" : {
          "kind" : "NON_NULL",
          "ofType" : {
            "kind" : "INPUT_OBJECT",
            "name" : "editor_order_by"
          }
        }
      },
      "description" : "sort the rows by one or more columns"
    },
    {
      "name" : "where",
      "type" : {
        "kind" : "INPUT_OBJECT",
        "name" : "editor_bool_exp"
      },
      "description" : "filter the rows returned"
    }
  ]
}