{
  "types" : [
    {
      "fields" : [
        {
          "args" : [

          ],
          "name" : "country",
          "type" : {
            "kind" : "SCALAR",
            "name" : "bigint"
          },
          "isDeprecated" : false
        },
        {
          "isDeprecated" : false,
          "args" : [

          ],
          "name" : "countryByCountry",
          "description" : "An object relationship",
          "type" : {
            "kind" : "OBJECT",
            "name" : "countries"
          }
        },
        {
          "args" : [

          ],
          "name" : "fullname",
          "type" : {
            "kind" : "SCALAR",
            "name" : "String"
          },
          "isDeprecated" : false
        },
        {
          "args" : [

          ],
          "name" : "id",
          "type" : {
            "kind" : "NON_NULL",
            "ofType" : {
              "kind" : "SCALAR",
              "name" : "bigint"
            }
          },
          "isDeprecated" : false
        },
        {
          "args" : [

          ],
          "name" : "maker",
          "type" : {
            "kind" : "SCALAR",
            "name" : "String"
          },
          "isDeprecated" : false
        },
        {
          "isDeprecated" : false,
          "args" : [
            {
              "name" : "distinct_on",
              "type" : {
                "kind" : "LIST",
                "ofType" : {
                  "kind" : "NON_NULL",
                  "ofType" : {
                    "kind" : "ENUM",
                    "name" : "model_list_select_column"
                  }
                }
              },
              "description" : "distinct select on columns"
            },
            {
              "name" : "limit",
              "type" : {
                "kind" : "SCALAR",
                "name" : "Int"
              },
              "description" : "limit the number of rows returned"
            },
            {
              "name" : "offset",
              "type" : {
                "kind" : "SCALAR",
                "name" : "Int"
              },
              "description" : "skip the first n rows. Use only with order_by"
            },
            {
              "name" : "order_by",
              "type" : {
                "kind" : "LIST",
                "ofType" : {
                  "kind" : "NON_NULL",
                  "ofType" : {
                    "kind" : "INPUT_OBJECT",
                    "name" : "model_list_order_by"
                  }
                }
              },
              "description" : "sort the rows by one or more columns"
            },
            {
              "name" : "where",
              "type" : {
                "kind" : "INPUT_OBJECT",
                "name" : "model_list_bool_exp"
              },
              "description" : "filter the rows returned"
            }
          ],
          "name" : "model_lists",
          "description" : "An array relationship",
          "type" : {
            "kind" : "NON_NULL",
            "ofType" : {
              "kind" : "LIST",
              "ofType" : {
                "kind" : "NON_NULL",
                "ofType" : {
                  "kind" : "OBJECT",
                  "name" : "model_list"
                }
              }
            }
          }
        },
        {
          "isDeprecated" : false,
          "args" : [
            {
              "name" : "distinct_on",
              "type" : {
                "kind" : "LIST",
                "ofType" : {
                  "kind" : "NON_NULL",
                  "ofType" : {
                    "kind" : "ENUM",
                    "name" : "model_list_select_column"
                  }
                }
              },
              "description" : "distinct select on columns"
            },
            {
              "name" : "limit",
              "type" : {
                "kind" : "SCALAR",
                "name" : "Int"
              },
              "description" : "limit the number of rows returned"
            },
            {
              "name" : "offset",
              "type" : {
                "kind" : "SCALAR",
                "name" : "Int"
              },
              "description" : "skip the first n rows. Use only with order_by"
            },
            {
              "name" : "order_by",
              "type" : {
                "kind" : "LIST",
                "ofType" : {
                  "kind" : "NON_NULL",
                  "ofType" : {
                    "kind" : "INPUT_OBJECT",
                    "name" : "model_list_order_by"
                  }
                }
              },
              "description" : "sort the rows by one or more columns"
            },
            {
              "name" : "where",
              "type" : {
                "kind" : "INPUT_OBJECT",
                "name" : "model_list_bool_exp"
              },
              "description" : "filter the rows returned"
            }
          ],
          "name" : "model_lists_aggregate",
          "description" : "An aggregated array relationship",
          "type" : {
            "kind" : "NON_NULL",
            "ofType" : {
              "kind" : "OBJECT",
              "name" : "model_list_aggregate"
            }
          }
        }
      ],
      "kind" : "OBJECT",
      "name" : "car_makers",
      "description" : "columns and relationships of \"car_makers\""
    },
    {
      "fields" : [
        {
          "args" : [

          ],
          "name" : "aggregate",
          "type" : {
            "kind" : "OBJECT",
            "name" : "car_makers_aggregate_fields"
          },
          "isDeprecated" : false
        },
        {
          "args" : [

          ],
          "name" : "nodes",
          "type" : {
            "kind" : "NON_NULL",
            "ofType" : {
              "kind" : "LIST",
              "ofType" : {
                "kind" : "NON_NULL",
                "ofType" : {
                  "kind" : "OBJECT",
                  "name" : "car_makers"
                }
              }
            }
          },
          "isDeprecated" : false
        }
      ],
      "kind" : "OBJECT",
      "name" : "car_makers_aggregate",
      "description" : "aggregated selection of \"car_makers\""
    },
    {
      "fields" : [
        {
          "isDeprecated" : false,
          "args" : [

          ],
          "name" : "cars_data",
          "description" : "An object relationship",
          "type" : {
            "kind" : "OBJECT",
            "name" : "cars_data"
          }
        },
        {
          "args" : [

          ],
          "name" : "make",
          "type" : {
            "kind" : "SCALAR",
            "name" : "String"
          },
          "isDeprecated" : false
        },
        {
          "args" : [

          ],
          "name" : "makeid",
          "type" : {
            "kind" : "NON_NULL",
            "ofType" : {
              "kind" : "SCALAR",
              "name" : "bigint"
            }
          },
          "isDeprecated" : false
        },
        {
          "args" : [

          ],
          "name" : "model",
          "type" : {
            "kind" : "SCALAR",
            "name" : "String"
          },
          "isDeprecated" : false
        },
        {
          "isDeprecated" : false,
          "args" : [

          ],
          "name" : "model_list",
          "description" : "An object relationship",
          "type" : {
            "kind" : "OBJECT",
            "name" : "model_list"
          }
        }
      ],
      "kind" : "OBJECT",
      "name" : "car_names",
      "description" : "columns and relationships of \"car_names\""
    },
    {
      "fields" : [
        {
          "args" : [

          ],
          "name" : "aggregate",
          "type" : {
            "kind" : "OBJECT",
            "name" : "car_names_aggregate_fields"
          },
          "isDeprecated" : false
        },
        {
          "args" : [

          ],
          "name" : "nodes",
          "type" : {
            "kind" : "NON_NULL",
            "ofType" : {
              "kind" : "LIST",
              "ofType" : {
                "kind" : "NON_NULL",
                "ofType" : {
                  "kind" : "OBJECT",
                  "name" : "car_names"
                }
              }
            }
          },
          "isDeprecated" : false
        }
      ],
      "kind" : "OBJECT",
      "name" : "car_names_aggregate",
      "description" : "aggregated selection of \"car_names\""
    },
    {
      "fields" : [
        {
          "args" : [

          ],
          "name" : "accelerate",
          "type" : {
            "kind" : "SCALAR",
            "name" : "Float"
          },
          "isDeprecated" : false
        },
        {
          "isDeprecated" : false,
          "args" : [

          ],
          "name" : "car_name",
          "description" : "An object relationship",
          "type" : {
            "kind" : "NON_NULL",
            "ofType" : {
              "kind" : "OBJECT",
              "name" : "car_names"
            }
          }
        },
        {
          "args" : [

          ],
          "name" : "cylinders",
          "type" : {
            "kind" : "SCALAR",
            "name" : "bigint"
          },
          "isDeprecated" : false
        },
        {
          "args" : [

          ],
          "name" : "edispl",
          "type" : {
            "kind" : "SCALAR",
            "name" : "Float"
          },
          "isDeprecated" : false
        },
        {
          "args" : [

          ],
          "name" : "horsepower",
          "type" : {
            "kind" : "SCALAR",
            "name" : "Int"
          },
          "isDeprecated" : false
        },
        {
          "args" : [

          ],
          "name" : "id",
          "type" : {
            "kind" : "NON_NULL",
            "ofType" : {
              "kind" : "SCALAR",
              "name" : "bigint"
            }
          },
          "isDeprecated" : false
        },
        {
          "args" : [

          ],
          "name" : "mpg",
          "type" : {
            "kind" : "SCALAR",
            "name" : "Float"
          },
          "isDeprecated" : false
        },
        {
          "args" : [

          ],
          "name" : "weight",
          "type" : {
            "kind" : "SCALAR",
            "name" : "bigint"
          },
          "isDeprecated" : false
        },
        {
          "args" : [

          ],
          "name" : "year",
          "type" : {
            "kind" : "SCALAR",
            "name" : "bigint"
          },
          "isDeprecated" : false
        }
      ],
      "kind" : "OBJECT",
      "name" : "cars_data",
      "description" : "columns and relationships of \"cars_data\""
    },
    {
      "fields" : [
        {
          "args" : [

          ],
          "name" : "aggregate",
          "type" : {
            "kind" : "OBJECT",
            "name" : "cars_data_aggregate_fields"
          },
          "isDeprecated" : false
        },
        {
          "args" : [

          ],
          "name" : "nodes",
          "type" : {
            "kind" : "NON_NULL",
            "ofType" : {
              "kind" : "LIST",
              "ofType" : {
                "kind" : "NON_NULL",
                "ofType" : {
                  "kind" : "OBJECT",
                  "name" : "cars_data"
                }
              }
            }
          },
          "isDeprecated" : false
        }
      ],
      "kind" : "OBJECT",
      "name" : "cars_data_aggregate",
      "description" : "aggregated selection of \"cars_data\""
    },
    {
      "fields" : [
        {
          "args" : [

          ],
          "name" : "contid",
          "type" : {
            "kind" : "NON_NULL",
            "ofType" : {
              "kind" : "SCALAR",
              "name" : "bigint"
            }
          },
          "isDeprecated" : false
        },
        {
          "args" : [

          ],
          "name" : "continent",
          "type" : {
            "kind" : "SCALAR",
            "name" : "String"
          },
          "isDeprecated" : false
        },
        {
          "isDeprecated" : false,
          "args" : [
            {
              "name" : "distinct_on",
              "type" : {
                "kind" : "LIST",
                "ofType" : {
                  "kind" : "NON_NULL",
                  "ofType" : {
                    "kind" : "ENUM",
                    "name" : "countries_select_column"
                  }
                }
              },
              "description" : "distinct select on columns"
            },
            {
              "name" : "limit",
              "type" : {
                "kind" : "SCALAR",
                "name" : "Int"
              },
              "description" : "limit the number of rows returned"
            },
            {
              "name" : "offset",
              "type" : {
                "kind" : "SCALAR",
                "name" : "Int"
              },
              "description" : "skip the first n rows. Use only with order_by"
            },
            {
              "name" : "order_by",
              "type" : {
                "kind" : "LIST",
                "ofType" : {
                  "kind" : "NON_NULL",
                  "ofType" : {
                    "kind" : "INPUT_OBJECT",
                    "name" : "countries_order_by"
                  }
                }
              },
              "description" : "sort the rows by one or more columns"
            },
            {
              "name" : "where",
              "type" : {
                "kind" : "INPUT_OBJECT",
                "name" : "countries_bool_exp"
              },
              "description" : "filter the rows returned"
            }
          ],
          "name" : "countries",
          "description" : "An array relationship",
          "type" : {
            "kind" : "NON_NULL",
            "ofType" : {
              "kind" : "LIST",
              "ofType" : {
                "kind" : "NON_NULL",
                "ofType" : {
                  "kind" : "OBJECT",
                  "name" : "countries"
                }
              }
            }
          }
        },
        {
          "isDeprecated" : false,
          "args" : [
            {
              "name" : "distinct_on",
              "type" : {
                "kind" : "LIST",
                "ofType" : {
                  "kind" : "NON_NULL",
                  "ofType" : {
                    "kind" : "ENUM",
                    "name" : "countries_select_column"
                  }
                }
              },
              "description" : "distinct select on columns"
            },
            {
              "name" : "limit",
              "type" : {
                "kind" : "SCALAR",
                "name" : "Int"
              },
              "description" : "limit the number of rows returned"
            },
            {
              "name" : "offset",
              "type" : {
                "kind" : "SCALAR",
                "name" : "Int"
              },
              "description" : "skip the first n rows. Use only with order_by"
            },
            {
              "name" : "order_by",
              "type" : {
                "kind" : "LIST",
                "ofType" : {
                  "kind" : "NON_NULL",
                  "ofType" : {
                    "kind" : "INPUT_OBJECT",
                    "name" : "countries_order_by"
                  }
                }
              },
              "description" : "sort the rows by one or more columns"
            },
            {
              "name" : "where",
              "type" : {
                "kind" : "INPUT_OBJECT",
                "name" : "countries_bool_exp"
              },
              "description" : "filter the rows returned"
            }
          ],
          "name" : "countries_aggregate",
          "description" : "An aggregated array relationship",
          "type" : {
            "kind" : "NON_NULL",
            "ofType" : {
              "kind" : "OBJECT",
              "name" : "countries_aggregate"
            }
          }
        }
      ],
      "kind" : "OBJECT",
      "name" : "continents",
      "description" : "columns and relationships of \"continents\""
    },
    {
      "fields" : [
        {
          "args" : [

          ],
          "name" : "aggregate",
          "type" : {
            "kind" : "OBJECT",
            "name" : "continents_aggregate_fields"
          },
          "isDeprecated" : false
        },
        {
          "args" : [

          ],
          "name" : "nodes",
          "type" : {
            "kind" : "NON_NULL",
            "ofType" : {
              "kind" : "LIST",
              "ofType" : {
                "kind" : "NON_NULL",
                "ofType" : {
                  "kind" : "OBJECT",
                  "name" : "continents"
                }
              }
            }
          },
          "isDeprecated" : false
        }
      ],
      "kind" : "OBJECT",
      "name" : "continents_aggregate",
      "description" : "aggregated selection of \"continents\""
    },
    {
      "fields" : [
        {
          "isDeprecated" : false,
          "args" : [
            {
              "name" : "distinct_on",
              "type" : {
                "kind" : "LIST",
                "ofType" : {
                  "kind" : "NON_NULL",
                  "ofType" : {
                    "kind" : "ENUM",
                    "name" : "car_makers_select_column"
                  }
                }
              },
              "description" : "distinct select on columns"
            },
            {
              "name" : "limit",
              "type" : {
                "kind" : "SCALAR",
                "name" : "Int"
              },
              "description" : "limit the number of rows returned"
            },
            {
              "name" : "offset",
              "type" : {
                "kind" : "SCALAR",
                "name" : "Int"
              },
              "description" : "skip the first n rows. Use only with order_by"
            },
            {
              "name" : "order_by",
              "type" : {
                "kind" : "LIST",
                "ofType" : {
                  "kind" : "NON_NULL",
                  "ofType" : {
                    "kind" : "INPUT_OBJECT",
                    "name" : "car_makers_order_by"
                  }
                }
              },
              "description" : "sort the rows by one or more columns"
            },
            {
              "name" : "where",
              "type" : {
                "kind" : "INPUT_OBJECT",
                "name" : "car_makers_bool_exp"
              },
              "description" : "filter the rows returned"
            }
          ],
          "name" : "car_makers",
          "description" : "An array relationship",
          "type" : {
            "kind" : "NON_NULL",
            "ofType" : {
              "kind" : "LIST",
              "ofType" : {
                "kind" : "NON_NULL",
                "ofType" : {
                  "kind" : "OBJECT",
                  "name" : "car_makers"
                }
              }
            }
          }
        },
        {
          "isDeprecated" : false,
          "args" : [
            {
              "name" : "distinct_on",
              "type" : {
                "kind" : "LIST",
                "ofType" : {
                  "kind" : "NON_NULL",
                  "ofType" : {
                    "kind" : "ENUM",
                    "name" : "car_makers_select_column"
                  }
                }
              },
              "description" : "distinct select on columns"
            },
            {
              "name" : "limit",
              "type" : {
                "kind" : "SCALAR",
                "name" : "Int"
              },
              "description" : "limit the number of rows returned"
            },
            {
              "name" : "offset",
              "type" : {
                "kind" : "SCALAR",
                "name" : "Int"
              },
              "description" : "skip the first n rows. Use only with order_by"
            },
            {
              "name" : "order_by",
              "type" : {
                "kind" : "LIST",
                "ofType" : {
                  "kind" : "NON_NULL",
                  "ofType" : {
                    "kind" : "INPUT_OBJECT",
                    "name" : "car_makers_order_by"
                  }
                }
              },
              "description" : "sort the rows by one or more columns"
            },
            {
              "name" : "where",
              "type" : {
                "kind" : "INPUT_OBJECT",
                "name" : "car_makers_bool_exp"
              },
              "description" : "filter the rows returned"
            }
          ],
          "name" : "car_makers_aggregate",
          "description" : "An aggregated array relationship",
          "type" : {
            "kind" : "NON_NULL",
            "ofType" : {
              "kind" : "OBJECT",
              "name" : "car_makers_aggregate"
            }
          }
        },
        {
          "args" : [

          ],
          "name" : "continent",
          "type" : {
            "kind" : "SCALAR",
            "name" : "bigint"
          },
          "isDeprecated" : false
        },
        {
          "isDeprecated" : false,
          "args" : [

          ],
          "name" : "continentByContinent",
          "description" : "An object relationship",
          "type" : {
            "kind" : "OBJECT",
            "name" : "continents"
          }
        },
        {
          "args" : [

          ],
          "name" : "countryid",
          "type" : {
            "kind" : "NON_NULL",
            "ofType" : {
              "kind" : "SCALAR",
              "name" : "bigint"
            }
          },
          "isDeprecated" : false
        },
        {
          "args" : [

          ],
          "name" : "countryname",
          "type" : {
            "kind" : "SCALAR",
            "name" : "String"
          },
          "isDeprecated" : false
        }
      ],
      "kind" : "OBJECT",
      "name" : "countries",
      "description" : "columns and relationships of \"countries\""
    },
    {
      "fields" : [
        {
          "args" : [

          ],
          "name" : "aggregate",
          "type" : {
            "kind" : "OBJECT",
            "name" : "countries_aggregate_fields"
          },
          "isDeprecated" : false
        },
        {
          "args" : [

          ],
          "name" : "nodes",
          "type" : {
            "kind" : "NON_NULL",
            "ofType" : {
              "kind" : "LIST",
              "ofType" : {
                "kind" : "NON_NULL",
                "ofType" : {
                  "kind" : "OBJECT",
                  "name" : "countries"
                }
              }
            }
          },
          "isDeprecated" : false
        }
      ],
      "kind" : "OBJECT",
      "name" : "countries_aggregate",
      "description" : "aggregated selection of \"countries\""
    },
    {
      "fields" : [
        {
          "isDeprecated" : false,
          "args" : [

          ],
          "name" : "car_maker",
          "description" : "An object relationship",
          "type" : {
            "kind" : "OBJECT",
            "name" : "car_makers"
          }
        },
        {
          "isDeprecated" : false,
          "args" : [
            {
              "name" : "distinct_on",
              "type" : {
                "kind" : "LIST",
                "ofType" : {
                  "kind" : "NON_NULL",
                  "ofType" : {
                    "kind" : "ENUM",
                    "name" : "car_names_select_column"
                  }
                }
              },
              "description" : "distinct select on columns"
            },
            {
              "name" : "limit",
              "type" : {
                "kind" : "SCALAR",
                "name" : "Int"
              },
              "description" : "limit the number of rows returned"
            },
            {
              "name" : "offset",
              "type" : {
                "kind" : "SCALAR",
                "name" : "Int"
              },
              "description" : "skip the first n rows. Use only with order_by"
            },
            {
              "name" : "order_by",
              "type" : {
                "kind" : "LIST",
                "ofType" : {
                  "kind" : "NON_NULL",
                  "ofType" : {
                    "kind" : "INPUT_OBJECT",
                    "name" : "car_names_order_by"
                  }
                }
              },
              "description" : "sort the rows by one or more columns"
            },
            {
              "name" : "where",
              "type" : {
                "kind" : "INPUT_OBJECT",
                "name" : "car_names_bool_exp"
              },
              "description" : "filter the rows returned"
            }
          ],
          "name" : "car_names",
          "description" : "An array relationship",
          "type" : {
            "kind" : "NON_NULL",
            "ofType" : {
              "kind" : "LIST",
              "ofType" : {
                "kind" : "NON_NULL",
                "ofType" : {
                  "kind" : "OBJECT",
                  "name" : "car_names"
                }
              }
            }
          }
        },
        {
          "isDeprecated" : false,
          "args" : [
            {
              "name" : "distinct_on",
              "type" : {
                "kind" : "LIST",
                "ofType" : {
                  "kind" : "NON_NULL",
                  "ofType" : {
                    "kind" : "ENUM",
                    "name" : "car_names_select_column"
                  }
                }
              },
              "description" : "distinct select on columns"
            },
            {
              "name" : "limit",
              "type" : {
                "kind" : "SCALAR",
                "name" : "Int"
              },
              "description" : "limit the number of rows returned"
            },
            {
              "name" : "offset",
              "type" : {
                "kind" : "SCALAR",
                "name" : "Int"
              },
              "description" : "skip the first n rows. Use only with order_by"
            },
            {
              "name" : "order_by",
              "type" : {
                "kind" : "LIST",
                "ofType" : {
                  "kind" : "NON_NULL",
                  "ofType" : {
                    "kind" : "INPUT_OBJECT",
                    "name" : "car_names_order_by"
                  }
                }
              },
              "description" : "sort the rows by one or more columns"
            },
            {
              "name" : "where",
              "type" : {
                "kind" : "INPUT_OBJECT",
                "name" : "car_names_bool_exp"
              },
              "description" : "filter the rows returned"
            }
          ],
          "name" : "car_names_aggregate",
          "description" : "An aggregated array relationship",
          "type" : {
            "kind" : "NON_NULL",
            "ofType" : {
              "kind" : "OBJECT",
              "name" : "car_names_aggregate"
            }
          }
        },
        {
          "args" : [

          ],
          "name" : "maker",
          "type" : {
            "kind" : "SCALAR",
            "name" : "bigint"
          },
          "isDeprecated" : false
        },
        {
          "args" : [

          ],
          "name" : "model",
          "type" : {
            "kind" : "SCALAR",
            "name" : "String"
          },
          "isDeprecated" : false
        },
        {
          "args" : [

          ],
          "name" : "modelid",
          "type" : {
            "kind" : "NON_NULL",
            "ofType" : {
              "kind" : "SCALAR",
              "name" : "bigint"
            }
          },
          "isDeprecated" : false
        }
      ],
      "kind" : "OBJECT",
      "name" : "model_list",
      "description" : "columns and relationships of \"model_list\""
    },
    {
      "fields" : [
        {
          "args" : [

          ],
          "name" : "aggregate",
          "type" : {
            "kind" : "OBJECT",
            "name" : "model_list_aggregate_fields"
          },
          "isDeprecated" : false
        },
        {
          "args" : [

          ],
          "name" : "nodes",
          "type" : {
            "kind" : "NON_NULL",
            "ofType" : {
              "kind" : "LIST",
              "ofType" : {
                "kind" : "NON_NULL",
                "ofType" : {
                  "kind" : "OBJECT",
                  "name" : "model_list"
                }
              }
            }
          },
          "isDeprecated" : false
        }
      ],
      "kind" : "OBJECT",
      "name" : "model_list_aggregate",
      "description" : "aggregated selection of \"model_list\""
    }
  ],
  "arguments" : [
    {
      "name" : "distinct_on",
      "type" : {
        "kind" : "LIST",
        "ofType" : {
          "kind" : "NON_NULL",
          "ofType" : {
            "kind" : "ENUM",
            "name" : "car_makers_select_column"
          }
        }
      },
      "description" : "distinct select on columns"
    },
    {
      "name" : "limit",
      "type" : {
        "kind" : "SCALAR",
        "name" : "Int"
      },
      "description" : "limit the number of rows returned"
    },
    {
      "name" : "offset",
      "type" : {
        "kind" : "SCALAR",
        "name" : "Int"
      },
      "description" : "skip the first n rows. Use only with order_by"
    },
    {
      "name" : "order_by",
      "type" : {
        "kind" : "LIST",
        "ofType" : {
          "kind" : "NON_NULL",
          "ofType" : {
            "kind" : "INPUT_OBJECT",
            "name" : "car_makers_order_by"
          }
        }
      },
      "description" : "sort the rows by one or more columns"
    },
    {
      "name" : "where",
      "type" : {
        "kind" : "INPUT_OBJECT",
        "name" : "car_makers_bool_exp"
      },
      "description" : "filter the rows returned"
    }
  ]
}