{
  "types" : [
    {
      "fields" : [
        {
          "args" : [

          ],
          "name" : "authid",
          "type" : {
            "kind" : "NON_NULL",
            "ofType" : {
              "kind" : "SCALAR",
              "name" : "bigint"
            }
          },
          "isDeprecated" : false
        },
        {
          "isDeprecated" : false,
          "args" : [
            {
              "name" : "distinct_on",
              "type" : {
                "kind" : "LIST",
                "ofType" : {
                  "kind" : "NON_NULL",
                  "ofType" : {
                    "kind" : "ENUM",
                    "name" : "authorship_select_column"
                  }
                }
              },
              "description" : "distinct select on columns"
            },
            {
              "name" : "limit",
              "type" : {
                "kind" : "SCALAR",
                "name" : "Int"
              },
              "description" : "limit the number of rows returned"
            },
            {
              "name" : "offset",
              "type" : {
                "kind" : "SCALAR",
                "name" : "Int"
              },
              "description" : "skip the first n rows. Use only with order_by"
            },
            {
              "name" : "order_by",
              "type" : {
                "kind" : "LIST",
                "ofType" : {
                  "kind" : "NON_NULL",
                  "ofType" : {
                    "kind" : "INPUT_OBJECT",
                    "name" : "authorship_order_by"
                  }
                }
              },
              "description" : "sort the rows by one or more columns"
            },
            {
              "name" : "where",
              "type" : {
                "kind" : "INPUT_OBJECT",
                "name" : "authorship_bool_exp"
              },
              "description" : "filter the rows returned"
            }
          ],
          "name" : "authorships",
          "description" : "An array relationship",
          "type" : {
            "kind" : "NON_NULL",
            "ofType" : {
              "kind" : "LIST",
              "ofType" : {
                "kind" : "NON_NULL",
                "ofType" : {
                  "kind" : "OBJECT",
                  "name" : "authorship"
                }
              }
            }
          }
        },
        {
          "isDeprecated" : false,
          "args" : [
            {
              "name" : "distinct_on",
              "type" : {
                "kind" : "LIST",
                "ofType" : {
                  "kind" : "NON_NULL",
                  "ofType" : {
                    "kind" : "ENUM",
                    "name" : "authorship_select_column"
                  }
                }
              },
              "description" : "distinct select on columns"
            },
            {
              "name" : "limit",
              "type" : {
                "kind" : "SCALAR",
                "name" : "Int"
              },
              "description" : "limit the number of rows returned"
            },
            {
              "name" : "offset",
              "type" : {
                "kind" : "SCALAR",
                "name" : "Int"
              },
              "description" : "skip the first n rows. Use only with order_by"
            },
            {
              "name" : "order_by",
              "type" : {
                "kind" : "LIST",
                "ofType" : {
                  "kind" : "NON_NULL",
                  "ofType" : {
                    "kind" : "INPUT_OBJECT",
                    "name" : "authorship_order_by"
                  }
                }
              },
              "description" : "sort the rows by one or more columns"
            },
            {
              "name" : "where",
              "type" : {
                "kind" : "INPUT_OBJECT",
                "name" : "authorship_bool_exp"
              },
              "description" : "filter the rows returned"
            }
          ],
          "name" : "authorships_aggregate",
          "description" : "An aggregated array relationship",
          "type" : {
            "kind" : "NON_NULL",
            "ofType" : {
              "kind" : "OBJECT",
              "name" : "authorship_aggregate"
            }
          }
        },
        {
          "args" : [

          ],
          "name" : "fname",
          "type" : {
            "kind" : "SCALAR",
            "name" : "String"
          },
          "isDeprecated" : false
        },
        {
          "args" : [

          ],
          "name" : "lname",
          "type" : {
            "kind" : "SCALAR",
            "name" : "String"
          },
          "isDeprecated" : false
        }
      ],
      "kind" : "OBJECT",
      "name" : "authors",
      "description" : "columns and relationships of \"authors\""
    },
    {
      "fields" : [
        {
          "args" : [

          ],
          "name" : "aggregate",
          "type" : {
            "kind" : "OBJECT",
            "name" : "authors_aggregate_fields"
          },
          "isDeprecated" : false
        },
        {
          "args" : [

          ],
          "name" : "nodes",
          "type" : {
            "kind" : "NON_NULL",
            "ofType" : {
              "kind" : "LIST",
              "ofType" : {
                "kind" : "NON_NULL",
                "ofType" : {
                  "kind" : "OBJECT",
                  "name" : "authors"
                }
              }
            }
          },
          "isDeprecated" : false
        }
      ],
      "kind" : "OBJECT",
      "name" : "authors_aggregate",
      "description" : "aggregated selection of \"authors\""
    },
    {
      "fields" : [
        {
          "args" : [

          ],
          "name" : "authid",
          "type" : {
            "kind" : "NON_NULL",
            "ofType" : {
              "kind" : "SCALAR",
              "name" : "bigint"
            }
          },
          "isDeprecated" : false
        },
        {
          "isDeprecated" : false,
          "args" : [

          ],
          "name" : "author",
          "description" : "An object relationship",
          "type" : {
            "kind" : "NON_NULL",
            "ofType" : {
              "kind" : "OBJECT",
              "name" : "authors"
            }
          }
        },
        {
          "args" : [

          ],
          "name" : "authorder",
          "type" : {
            "kind" : "SCALAR",
            "name" : "bigint"
          },
          "isDeprecated" : false
        },
        {
          "isDeprecated" : false,
          "args" : [

          ],
          "name" : "inst",
          "description" : "An object relationship",
          "type" : {
            "kind" : "NON_NULL",
            "ofType" : {
              "kind" : "OBJECT",
              "name" : "inst"
            }
          }
        },
        {
          "args" : [

          ],
          "name" : "instid",
          "type" : {
            "kind" : "NON_NULL",
            "ofType" : {
              "kind" : "SCALAR",
              "name" : "bigint"
            }
          },
          "isDeprecated" : false
        },
        {
          "isDeprecated" : false,
          "args" : [

          ],
          "name" : "paper",
          "description" : "An object relationship",
          "type" : {
            "kind" : "NON_NULL",
            "ofType" : {
              "kind" : "OBJECT",
              "name" : "papers"
            }
          }
        },
        {
          "args" : [

          ],
          "name" : "paperid",
          "type" : {
            "kind" : "NON_NULL",
            "ofType" : {
              "kind" : "SCALAR",
              "name" : "bigint"
            }
          },
          "isDeprecated" : false
        }
      ],
      "kind" : "OBJECT",
      "name" : "authorship",
      "description" : "columns and relationships of \"authorship\""
    },
    {
      "fields" : [
        {
          "args" : [

          ],
          "name" : "aggregate",
          "type" : {
            "kind" : "OBJECT",
            "name" : "authorship_aggregate_fields"
          },
          "isDeprecated" : false
        },
        {
          "args" : [

          ],
          "name" : "nodes",
          "type" : {
            "kind" : "NON_NULL",
            "ofType" : {
              "kind" : "LIST",
              "ofType" : {
                "kind" : "NON_NULL",
                "ofType" : {
                  "kind" : "OBJECT",
                  "name" : "authorship"
                }
              }
            }
          },
          "isDeprecated" : false
        }
      ],
      "kind" : "OBJECT",
      "name" : "authorship_aggregate",
      "description" : "aggregated selection of \"authorship\""
    },
    {
      "fields" : [
        {
          "isDeprecated" : false,
          "args" : [
            {
              "name" : "distinct_on",
              "type" : {
                "kind" : "LIST",
                "ofType" : {
                  "kind" : "NON_NULL",
                  "ofType" : {
                    "kind" : "ENUM",
                    "name" : "authorship_select_column"
                  }
                }
              },
              "description" : "distinct select on columns"
            },
            {
              "name" : "limit",
              "type" : {
                "kind" : "SCALAR",
                "name" : "Int"
              },
              "description" : "limit the number of rows returned"
            },
            {
              "name" : "offset",
              "type" : {
                "kind" : "SCALAR",
                "name" : "Int"
              },
              "description" : "skip the first n rows. Use only with order_by"
            },
            {
              "name" : "order_by",
              "type" : {
                "kind" : "LIST",
                "ofType" : {
                  "kind" : "NON_NULL",
                  "ofType" : {
                    "kind" : "INPUT_OBJECT",
                    "name" : "authorship_order_by"
                  }
                }
              },
              "description" : "sort the rows by one or more columns"
            },
            {
              "name" : "where",
              "type" : {
                "kind" : "INPUT_OBJECT",
                "name" : "authorship_bool_exp"
              },
              "description" : "filter the rows returned"
            }
          ],
          "name" : "authorships",
          "description" : "An array relationship",
          "type" : {
            "kind" : "NON_NULL",
            "ofType" : {
              "kind" : "LIST",
              "ofType" : {
                "kind" : "NON_NULL",
                "ofType" : {
                  "kind" : "OBJECT",
                  "name" : "authorship"
                }
              }
            }
          }
        },
        {
          "isDeprecated" : false,
          "args" : [
            {
              "name" : "distinct_on",
              "type" : {
                "kind" : "LIST",
                "ofType" : {
                  "kind" : "NON_NULL",
                  "ofType" : {
                    "kind" : "ENUM",
                    "name" : "authorship_select_column"
                  }
                }
              },
              "description" : "distinct select on columns"
            },
            {
              "name" : "limit",
              "type" : {
                "kind" : "SCALAR",
                "name" : "Int"
              },
              "description" : "limit the number of rows returned"
            },
            {
              "name" : "offset",
              "type" : {
                "kind" : "SCALAR",
                "name" : "Int"
              },
              "description" : "skip the first n rows. Use only with order_by"
            },
            {
              "name" : "order_by",
              "type" : {
                "kind" : "LIST",
                "ofType" : {
                  "kind" : "NON_NULL",
                  "ofType" : {
                    "kind" : "INPUT_OBJECT",
                    "name" : "authorship_order_by"
                  }
                }
              },
              "description" : "sort the rows by one or more columns"
            },
            {
              "name" : "where",
              "type" : {
                "kind" : "INPUT_OBJECT",
                "name" : "authorship_bool_exp"
              },
              "description" : "filter the rows returned"
            }
          ],
          "name" : "authorships_aggregate",
          "description" : "An aggregated array relationship",
          "type" : {
            "kind" : "NON_NULL",
            "ofType" : {
              "kind" : "OBJECT",
              "name" : "authorship_aggregate"
            }
          }
        },
        {
          "args" : [

          ],
          "name" : "country",
          "type" : {
            "kind" : "SCALAR",
            "name" : "String"
          },
          "isDeprecated" : false
        },
        {
          "args" : [

          ],
          "name" : "instid",
          "type" : {
            "kind" : "NON_NULL",
            "ofType" : {
              "kind" : "SCALAR",
              "name" : "bigint"
            }
          },
          "isDeprecated" : false
        },
        {
          "args" : [

          ],
          "name" : "name",
          "type" : {
            "kind" : "SCALAR",
            "name" : "String"
          },
          "isDeprecated" : false
        }
      ],
      "kind" : "OBJECT",
      "name" : "inst",
      "description" : "columns and relationships of \"inst\""
    },
    {
      "fields" : [
        {
          "args" : [

          ],
          "name" : "aggregate",
          "type" : {
            "kind" : "OBJECT",
            "name" : "inst_aggregate_fields"
          },
          "isDeprecated" : false
        },
        {
          "args" : [

          ],
          "name" : "nodes",
          "type" : {
            "kind" : "NON_NULL",
            "ofType" : {
              "kind" : "LIST",
              "ofType" : {
                "kind" : "NON_NULL",
                "ofType" : {
                  "kind" : "OBJECT",
                  "name" : "inst"
                }
              }
            }
          },
          "isDeprecated" : false
        }
      ],
      "kind" : "OBJECT",
      "name" : "inst_aggregate",
      "description" : "aggregated selection of \"inst\""
    },
    {
      "fields" : [
        {
          "isDeprecated" : false,
          "args" : [
            {
              "name" : "distinct_on",
              "type" : {
                "kind" : "LIST",
                "ofType" : {
                  "kind" : "NON_NULL",
                  "ofType" : {
                    "kind" : "ENUM",
                    "name" : "authorship_select_column"
                  }
                }
              },
              "description" : "distinct select on columns"
            },
            {
              "name" : "limit",
              "type" : {
                "kind" : "SCALAR",
                "name" : "Int"
              },
              "description" : "limit the number of rows returned"
            },
            {
              "name" : "offset",
              "type" : {
                "kind" : "SCALAR",
                "name" : "Int"
              },
              "description" : "skip the first n rows. Use only with order_by"
            },
            {
              "name" : "order_by",
              "type" : {
                "kind" : "LIST",
                "ofType" : {
                  "kind" : "NON_NULL",
                  "ofType" : {
                    "kind" : "INPUT_OBJECT",
                    "name" : "authorship_order_by"
                  }
                }
              },
              "description" : "sort the rows by one or more columns"
            },
            {
              "name" : "where",
              "type" : {
                "kind" : "INPUT_OBJECT",
                "name" : "authorship_bool_exp"
              },
              "description" : "filter the rows returned"
            }
          ],
          "name" : "authorships",
          "description" : "An array relationship",
          "type" : {
            "kind" : "NON_NULL",
            "ofType" : {
              "kind" : "LIST",
              "ofType" : {
                "kind" : "NON_NULL",
                "ofType" : {
                  "kind" : "OBJECT",
                  "name" : "authorship"
                }
              }
            }
          }
        },
        {
          "isDeprecated" : false,
          "args" : [
            {
              "name" : "distinct_on",
              "type" : {
                "kind" : "LIST",
                "ofType" : {
                  "kind" : "NON_NULL",
                  "ofType" : {
                    "kind" : "ENUM",
                    "name" : "authorship_select_column"
                  }
                }
              },
              "description" : "distinct select on columns"
            },
            {
              "name" : "limit",
              "type" : {
                "kind" : "SCALAR",
                "name" : "Int"
              },
              "description" : "limit the number of rows returned"
            },
            {
              "name" : "offset",
              "type" : {
                "kind" : "SCALAR",
                "name" : "Int"
              },
              "description" : "skip the first n rows. Use only with order_by"
            },
            {
              "name" : "order_by",
              "type" : {
                "kind" : "LIST",
                "ofType" : {
                  "kind" : "NON_NULL",
                  "ofType" : {
                    "kind" : "INPUT_OBJECT",
                    "name" : "authorship_order_by"
                  }
                }
              },
              "description" : "sort the rows by one or more columns"
            },
            {
              "name" : "where",
              "type" : {
                "kind" : "INPUT_OBJECT",
                "name" : "authorship_bool_exp"
              },
              "description" : "filter the rows returned"
            }
          ],
          "name" : "authorships_aggregate",
          "description" : "An aggregated array relationship",
          "type" : {
            "kind" : "NON_NULL",
            "ofType" : {
              "kind" : "OBJECT",
              "name" : "authorship_aggregate"
            }
          }
        },
        {
          "args" : [

          ],
          "name" : "paperid",
          "type" : {
            "kind" : "NON_NULL",
            "ofType" : {
              "kind" : "SCALAR",
              "name" : "bigint"
            }
          },
          "isDeprecated" : false
        },
        {
          "args" : [

          ],
          "name" : "title",
          "type" : {
            "kind" : "SCALAR",
            "name" : "String"
          },
          "isDeprecated" : false
        }
      ],
      "kind" : "OBJECT",
      "name" : "papers",
      "description" : "columns and relationships of \"papers\""
    },
    {
      "fields" : [
        {
          "args" : [

          ],
          "name" : "aggregate",
          "type" : {
            "kind" : "OBJECT",
            "name" : "papers_aggregate_fields"
          },
          "isDeprecated" : false
        },
        {
          "args" : [

          ],
          "name" : "nodes",
          "type" : {
            "kind" : "NON_NULL",
            "ofType" : {
              "kind" : "LIST",
              "ofType" : {
                "kind" : "NON_NULL",
                "ofType" : {
                  "kind" : "OBJECT",
                  "name" : "papers"
                }
              }
            }
          },
          "isDeprecated" : false
        }
      ],
      "kind" : "OBJECT",
      "name" : "papers_aggregate",
      "description" : "aggregated selection of \"papers\""
    }
  ],
  "arguments" : [
    {
      "name" : "distinct_on",
      "type" : {
        "kind" : "LIST",
        "ofType" : {
          "kind" : "NON_NULL",
          "ofType" : {
            "kind" : "ENUM",
            "name" : "authors_select_column"
          }
        }
      },
      "description" : "distinct select on columns"
    },
    {
      "name" : "limit",
      "type" : {
        "kind" : "SCALAR",
        "name" : "Int"
      },
      "description" : "limit the number of rows returned"
    },
    {
      "name" : "offset",
      "type" : {
        "kind" : "SCALAR",
        "name" : "Int"
      },
      "description" : "skip the first n rows. Use only with order_by"
    },
    {
      "name" : "order_by",
      "type" : {
        "kind" : "LIST",
        "ofType" : {
          "kind" : "NON_NULL",
          "ofType" : {
            "kind" : "INPUT_OBJECT",
            "name" : "authors_order_by"
          }
        }
      },
      "description" : "sort the rows by one or more columns"
    },
    {
      "name" : "where",
      "type" : {
        "kind" : "INPUT_OBJECT",
        "name" : "authors_bool_exp"
      },
      "description" : "filter the rows returned"
    }
  ]
}